{"number": 0, "value": 0.7311906055230016, "params": {"rf_max_depth": 3, "min_samples_split": 231, "min_samples_leaf": 188}, "user_attrs": {"std_err": 0.021722715234271498}}{"number": 1, "value": 0.788992388605745, "params": {"rf_max_depth": 29, "min_samples_split": 90, "min_samples_leaf": 22}, "user_attrs": {"std_err": 0.015009302512325485}}{"number": 2, "value": 0.7075213332382383, "params": {"rf_max_depth": 2, "min_samples_split": 187, "min_samples_leaf": 140}, "user_attrs": {"std_err": 0.02578621374938651}}{"number": 3, "value": 0.7087173620371555, "params": {"rf_max_depth": 2, "min_samples_split": 192, "min_samples_leaf": 166}, "user_attrs": {"std_err": 0.025986725934962825}}{"number": 4, "value": 0.7720252226711927, "params": {"rf_max_depth": 12, "min_samples_split": 270, "min_samples_leaf": 169}, "user_attrs": {"std_err": 0.01394542728950414}}{"number": 5, "value": 0.7577494311208888, "params": {"rf_max_depth": 5, "min_samples_split": 171, "min_samples_leaf": 45}, "user_attrs": {"std_err": 0.01713425458987305}}{"number": 6, "value": 0.7567528754628514, "params": {"rf_max_depth": 5, "min_samples_split": 23, "min_samples_leaf": 82}, "user_attrs": {"std_err": 0.017018582603042554}}{"number": 7, "value": 0.7756881623176487, "params": {"rf_max_depth": 7, "min_samples_split": 51, "min_samples_leaf": 27}, "user_attrs": {"std_err": 0.01652374451581824}}{"number": 8, "value": 0.7295959035614045, "params": {"rf_max_depth": 3, "min_samples_split": 83, "min_samples_leaf": 72}, "user_attrs": {"std_err": 0.021199052066353537}}{"number": 9, "value": 0.7668183967301687, "params": {"rf_max_depth": 6, "min_samples_split": 116, "min_samples_leaf": 54}, "user_attrs": {"std_err": 0.016417095656302647}}{"number": 10, "value": 0.746886799403781, "params": {"rf_max_depth": 4, "min_samples_split": 172, "min_samples_leaf": 12}, "user_attrs": {"std_err": 0.01882975907275868}}{"number": 11, "value": 0.7351020431852164, "params": {"rf_max_depth": 3, "min_samples_split": 158, "min_samples_leaf": 107}, "user_attrs": {"std_err": 0.019932275575507023}}{"number": 12, "value": 0.77419314882029, "params": {"rf_max_depth": 7, "min_samples_split": 145, "min_samples_leaf": 27}, "user_attrs": {"std_err": 0.016848352830905414}}{"number": 13, "value": 0.7762358343530296, "params": {"rf_max_depth": 29, "min_samples_split": 102, "min_samples_leaf": 118}, "user_attrs": {"std_err": 0.014417928704625488}}{"number": 14, "value": 0.7928543389528204, "params": {"rf_max_depth": 32, "min_samples_split": 41, "min_samples_leaf": 2}, "user_attrs": {"std_err": 0.015194229109173117}}{"number": 15, "value": 0.7933028097932308, "params": {"rf_max_depth": 27, "min_samples_split": 24, "min_samples_leaf": 10}, "user_attrs": {"std_err": 0.014851417973578883}}{"number": 16, "value": 0.7952711572781672, "params": {"rf_max_depth": 29, "min_samples_split": 34, "min_samples_leaf": 2}, "user_attrs": {"std_err": 0.01459575958775693}}{"number": 17, "value": 0.77576242587843, "params": {"rf_max_depth": 31, "min_samples_split": 98, "min_samples_leaf": 117}, "user_attrs": {"std_err": 0.014700921265175033}}{"number": 18, "value": 0.7992326750480705, "params": {"rf_max_depth": 32, "min_samples_split": 9, "min_samples_leaf": 1}, "user_attrs": {"std_err": 0.014480549311050516}}{"number": 19, "value": 0.7980865929009274, "params": {"rf_max_depth": 19, "min_samples_split": 2, "min_samples_leaf": 2}, "user_attrs": {"std_err": 0.014328602763339937}}{"number": 20, "value": 0.7935768723756127, "params": {"rf_max_depth": 17, "min_samples_split": 43, "min_samples_leaf": 3}, "user_attrs": {"std_err": 0.015235695498627681}}{"number": 21, "value": 0.7836106609301728, "params": {"rf_max_depth": 17, "min_samples_split": 2, "min_samples_leaf": 48}, "user_attrs": {"std_err": 0.01500439652112526}}{"number": 22, "value": 0.7835110097094453, "params": {"rf_max_depth": 16, "min_samples_split": 5, "min_samples_leaf": 59}, "user_attrs": {"std_err": 0.015112562453984024}}{"number": 23, "value": 0.7853298151871464, "params": {"rf_max_depth": 18, "min_samples_split": 4, "min_samples_leaf": 45}, "user_attrs": {"std_err": 0.015144720826855779}}{"number": 24, "value": 0.7932031337434962, "params": {"rf_max_depth": 18, "min_samples_split": 56, "min_samples_leaf": 3}, "user_attrs": {"std_err": 0.015049512325178616}}{"number": 25, "value": 0.7868995081311585, "params": {"rf_max_depth": 20, "min_samples_split": 8, "min_samples_leaf": 34}, "user_attrs": {"std_err": 0.015101584025647381}}{"number": 26, "value": 0.7877714997632864, "params": {"rf_max_depth": 21, "min_samples_split": 59, "min_samples_leaf": 34}, "user_attrs": {"std_err": 0.01497480372791772}}{"number": 27, "value": 0.7870738698347983, "params": {"rf_max_depth": 22, "min_samples_split": 64, "min_samples_leaf": 31}, "user_attrs": {"std_err": 0.015691749919753497}}{"number": 28, "value": 0.7799481682058479, "params": {"rf_max_depth": 11, "min_samples_split": 59, "min_samples_leaf": 80}, "user_attrs": {"std_err": 0.015055690060762409}}{"number": 29, "value": 0.7800477977011939, "params": {"rf_max_depth": 13, "min_samples_split": 68, "min_samples_leaf": 82}, "user_attrs": {"std_err": 0.015374644954736224}}{"number": 30, "value": 0.7799730437675187, "params": {"rf_max_depth": 12, "min_samples_split": 78, "min_samples_leaf": 80}, "user_attrs": {"std_err": 0.015307484933028451}}{"number": 31, "value": 0.7867749782451342, "params": {"rf_max_depth": 11, "min_samples_split": 134, "min_samples_leaf": 19}, "user_attrs": {"std_err": 0.015503729913042238}}{"number": 32, "value": 0.7896153111549469, "params": {"rf_max_depth": 12, "min_samples_split": 28, "min_samples_leaf": 17}, "user_attrs": {"std_err": 0.015489407726100586}}{"number": 33, "value": 0.7876720068274805, "params": {"rf_max_depth": 10, "min_samples_split": 32, "min_samples_leaf": 17}, "user_attrs": {"std_err": 0.015001455708184825}}{"number": 34, "value": 0.7930038219911635, "params": {"rf_max_depth": 24, "min_samples_split": 32, "min_samples_leaf": 13}, "user_attrs": {"std_err": 0.014929734045526536}}{"number": 35, "value": 0.7952212726989113, "params": {"rf_max_depth": 24, "min_samples_split": 32, "min_samples_leaf": 2}, "user_attrs": {"std_err": 0.014847403628455278}}{"number": 36, "value": 0.7955950299527832, "params": {"rf_max_depth": 24, "min_samples_split": 31, "min_samples_leaf": 2}, "user_attrs": {"std_err": 0.014938863539612185}}{"number": 37, "value": 0.7942994337310381, "params": {"rf_max_depth": 25, "min_samples_split": 39, "min_samples_leaf": 2}, "user_attrs": {"std_err": 0.015344960686032092}}{"number": 38, "value": 0.7842834090897383, "params": {"rf_max_depth": 26, "min_samples_split": 251, "min_samples_leaf": 3}, "user_attrs": {"std_err": 0.01589175901300877}}{"number": 39, "value": 0.78104439991362, "params": {"rf_max_depth": 26, "min_samples_split": 218, "min_samples_leaf": 65}, "user_attrs": {"std_err": 0.015309564053854016}}{"number": 40, "value": 0.7795246722431376, "params": {"rf_max_depth": 9, "min_samples_split": 228, "min_samples_leaf": 65}, "user_attrs": {"std_err": 0.015228670576685532}}{"number": 41, "value": 0.7788520389177309, "params": {"rf_max_depth": 9, "min_samples_split": 226, "min_samples_leaf": 65}, "user_attrs": {"std_err": 0.015189449838981243}}{"number": 42, "value": 0.7686368390836382, "params": {"rf_max_depth": 9, "min_samples_split": 209, "min_samples_leaf": 196}, "user_attrs": {"std_err": 0.01420908913722714}}{"number": 43, "value": 0.7713525303768938, "params": {"rf_max_depth": 32, "min_samples_split": 284, "min_samples_leaf": 170}, "user_attrs": {"std_err": 0.014409104895397104}}{"number": 44, "value": 0.7691848804505025, "params": {"rf_max_depth": 15, "min_samples_split": 18, "min_samples_leaf": 189}, "user_attrs": {"std_err": 0.014425176981957893}}{"number": 45, "value": 0.770231382760314, "params": {"rf_max_depth": 22, "min_samples_split": 19, "min_samples_leaf": 196}, "user_attrs": {"std_err": 0.013732970280998714}}{"number": 46, "value": 0.7727975599789673,