{"number": 0, "value": 0.8349884321053569, "params": {"learning_rate": 0.8768868948451953, "min_child_weight": 5, "scale_pos_weight": 4}, "user_attrs": {"std_err": 0.001774257634986943}}{"number": 1, "value": 0.8429613810286527, "params": {"learning_rate": 0.25692465497067896, "min_child_weight": 9, "scale_pos_weight": 4}, "user_attrs": {"std_err": 0.0024657860316597536}}{"number": 2, "value": 0.8351308061932728, "params": {"learning_rate": 0.8679674121029008, "min_child_weight": 4, "scale_pos_weight": 4}, "user_attrs": {"std_err": 0.0022180219671671074}}{"number": 3, "value": 0.8424630717209467, "params": {"learning_rate": 0.015867324385075945, "min_child_weight": 2, "scale_pos_weight": 2}, "user_attrs": {"std_err": 0.0030487674831381393}}{"number": 4, "value": 0.801281366791244, "params": {"learning_rate": 0.029255293155222045, "min_child_weight": 2, "scale_pos_weight": 10}, "user_attrs": {"std_err": 0.0017879147265720571}}{"number": 5, "value": 0.8302544936821498, "params": {"learning_rate": 0.9690924630460206, "min_child_weight": 8, "scale_pos_weight": 8}, "user_attrs": {"std_err": 0.0011192450760367852}}{"number": 6, "value": 0.8340985940558818, "params": {"learning_rate": 0.8229142221372093, "min_child_weight": 9, "scale_pos_weight": 7}, "user_attrs": {"std_err": 0.0018930935911551068}}{"number": 7, "value": 0.8264103933084179, "params": {"learning_rate": 0.9509374300841026, "min_child_weight": 10, "scale_pos_weight": 9}, "user_attrs": {"std_err": 0.002257089604376355}}{"number": 8, "value": 0.8319985762591209, "params": {"learning_rate": 0.9882662101264831, "min_child_weight": 5, "scale_pos_weight": 1}, "user_attrs": {"std_err": 0.0014237408791599915}}{"number": 9, "value": 0.8410393308417868, "params": {"learning_rate": 0.38383891227478045, "min_child_weight": 10, "scale_pos_weight": 10}, "user_attrs": {"std_err": 0.0022018556615110794}}{"number": 10, "value": 0.8320697633030789, "params": {"learning_rate": 0.9426175255456872, "min_child_weight": 7, "scale_pos_weight": 8}, "user_attrs": {"std_err": 0.0016073145451243702}}{"number": 11, "value": 0.8389749065670047, "params": {"learning_rate": 0.7115698848552813, "min_child_weight": 4, "scale_pos_weight": 7}, "user_attrs": {"std_err": 0.0022986912675893464}}{"number": 12, "value": 0.8406122085780389, "params": {"learning_rate": 0.7994349042706453, "min_child_weight": 2, "scale_pos_weight": 3}, "user_attrs": {"std_err": 0.0013964278153680565}}{"number": 13, "value": 0.8427122263747997, "params": {"learning_rate": 0.31651562656557036, "min_child_weight": 7, "scale_pos_weight": 5}, "user_attrs": {"std_err": 0.002223612525475262}}{"number": 14, "value": 0.8543513080619327, "params": {"learning_rate": 0.06446293198000325, "min_child_weight": 1, "scale_pos_weight": 1}, "user_attrs": {"std_err": 0.0016025783167402299}}{"number": 15, "value": 0.8534970635344367, "params": {"learning_rate": 0.027380246467059485, "min_child_weight": 1, "scale_pos_weight": 1}, "user_attrs": {"std_err": 0.002823084662962651}}{"number": 16, "value": 0.8537818117102688, "params": {"learning_rate": 0.04664552553358192, "min_child_weight": 1, "scale_pos_weight": 1}, "user_attrs": {"std_err": 0.002463215736767625}}{"number": 17, "value": 0.8448122441715608, "params": {"learning_rate": 0.2804426165179241, "min_child_weight": 7, "scale_pos_weight": 5}, "user_attrs": {"std_err": 0.001730592031485069}}{"number": 18, "value": 0.8520021356113187, "params": {"learning_rate": 0.18342883270919097, "min_child_weight": 1, "scale_pos_weight": 1}, "user_attrs": {"std_err": 0.0021115090056960015}}{"number": 19, "value": 0.8513614522156967, "params": {"learning_rate": 0.15265264557701014, "min_child_weight": 1, "scale_pos_weight": 1}, "user_attrs": {"std_err": 0.0018380875218987059}}{"number": 20, "value": 0.8515394198255917, "params": {"learning_rate": 0.14273500415673177, "min_child_weight": 1, "scale_pos_weight": 1}, "user_attrs": {"std_err": 0.0014704906948243234}}{"number": 21, "value": 0.8511478910838226, "params": {"learning_rate": 0.16568374016811865, "min_child_weight": 1, "scale_pos_weight": 2}, "user_attrs": {"std_err": 0.0022643747152718474}}{"number": 22, "value": 0.8427834134187577, "params": {"learning_rate": 0.5081501675336257, "min_child_weight": 3, "scale_pos_weight": 2}, "user_attrs": {"std_err": 0.0014171407794039384}}{"number": 23, "value": 0.8440291866880228, "params": {"learning_rate": 0.47674517908324837, "min_child_weight": 3, "scale_pos_weight": 3}, "user_attrs": {"std_err": 0.0017470582719274462}}{"number": 24, "value": 0.8444919024737498, "params": {"learning_rate": 0.48055563686900366, "min_child_weight": 3, "scale_pos_weight": 2}, "user_attrs": {"std_err": 0.0018843736295899205}}{"number": 25, "value": 0.8434240968143797, "params": {"learning_rate": 0.586623033061664, "min_child_weight": 3, "scale_pos_weight": 2}, "user_attrs": {"std_err": 0.0010382087963818267}}{"number": 26, "value": 0.8478376935397758, "params": {"learning_rate": 0.07550146388157203, "min_child_weight": 3, "scale_pos_weight": 3}, "user_attrs": {"std_err": 0.002346474422331295}}{"number": 27, "value": 0.8480512546716497, "params": {"learning_rate": 0.0815440768920235, "min_child_weight": 3, "scale_pos_weight": 3}, "user_attrs": {"std_err": 0.0027842234859064953}}{"number": 28, "value": 0.8479800676276916, "params": {"learning_rate": 0.08557736156032147, "min_child_weight": 2, "scale_pos_weight": 3}, "user_attrs": {"std_err": 0.0029426178761762273}}{"number": 29, "value": 0.8484071898914397, "params": {"learning_rate": 0.08823219347498243, "min_child_weight": 2, "scale_pos_weight": 3}, "user_attrs": {"std_err": 0.002277651692943712}}{"number": 30, "value": 0.8511478910838226, "params": {"learning_rate": 0.0992209015235744, "min_child_weight": 2, "scale_pos_weight": 1}, "user_attrs": {"std_err": 0.0022013953111691157}}{"number": 31, "value": 0.8491902473749778, "params": {"learning_rate": 0.2349879564977122, "min_child_weight": 2, "scale_pos_weight": 1}, "user_attrs": {"std_err": 0.001394612149777179}}{"number": 32, "value": 0.8492970279409147, "params": {"learning_rate": 0.23059738012134767, "min_child_weight": 5, "scale_pos_weight": 1}, "user_attrs": {"std_err": 0.002570335366846768}}{"number": 33, "value": 0.8472326036661328, "params": {"learning_rate": 0.2351737284922616, "min_child_weight": 5, "scale_pos_weight": 1}, "user_attrs": {"std_err": 0.0012819598793531659}}{"number": 34, "value": 0.8497597437266418, "params": {"learning_rate": 0.2372732338402254, "min_child_weight": 1, "scale_pos_weight": 1}, "user_attrs": {"std_err": 0.0015615783116650018}}{"number": 35, "value": 0.8496885566826837, "params": {"learning_rate": 0.21059375523352258, "min_child_weight": 1, "scale_pos_weight": 1}, "user_attrs": {"std_err": 0.001438436349436199}}{"number": 36, "value": 0.8382986296494039, "params": {"learning_rate": 0.010259146315164391, "min_child_weight": 1, "scale_pos_weight": 2}, "user_attrs": {"std_err": 0.0030116410706026147}}{"number": 37, "value": 0.8415020466275138, "params": {"learning_rate": 0.014458010941458425, "min_child_weight": 1, "scale_pos_weight": 2}, "user_attrs": {"std_err": 0.002907622588645547}}{"number": 38, "value": 0.8179035415554369, "params": {"learning_rate": 0.015388216396920167, "min_child_weight": 1, "scale_pos_weight": 4}, "user_attrs": {"std_err": 0.002574767577197389}}{"number": 39, "value": 0.8338850329240077, "params": {"learning_rate": 0.034540057502968353, "min_child_weight": 1, "scale_pos_weight": 4}, "user_attrs": {"std_err": 0.0029790736012865657}}{"number": 40, "value": 0.8439935931660438, "params": {"learning_rate": 0.3514848221944243, "min_child_weight": 4, "scale_pos_weight": 4}, "user_attrs": {"std_err": 0.0023207413056529564}}{"number": 41, "value": 0.8465207332265529, "params": {"learning_rate": 0.3221286532605137, "min_child_weight": 4, "scale_pos_weight": 4}, "user_attrs": {"std_err": 0.0018076463710244618}}{"number": 42, "value": 0.8469834490122798, "params": {"learning_rate": 0.1512290007406079,