{"number": 0, "value": 0.5390620998057226, "params": {"ccp_alpha": 0.45, "min_impurity_decrease": 0.42}, "user_attrs": {"std_err": 0.001673529012805842}}{"number": 1, "value": 0.5390620998057226, "params": {"ccp_alpha": 0.37, "min_impurity_decrease": 0.29}, "user_attrs": {"std_err": 0.001673529012805842}}{"number": 2, "value": 0.5390620998057226, "params": {"ccp_alpha": 0.2, "min_impurity_decrease": 0.01}, "user_attrs": {"std_err": 0.001673529012805842}}{"number": 3, "value": 0.5390620998057226, "params": {"ccp_alpha": 0.37, "min_impurity_decrease": 0.48}, "user_attrs": {"std_err": 0.001673529012805842}}{"number": 4, "value": 0.5390620998057226, "params": {"ccp_alpha": 0.39, "min_impurity_decrease": 0.38}, "user_attrs": {"std_err": 0.001673529012805842}}{"number": 5, "value": 0.5390620998057226, "params": {"ccp_alpha": 0.09, "min_impurity_decrease": 0.43}, "user_attrs": {"std_err": 0.001673529012805842}}{"number": 6, "value": 0.5390620998057226, "params": {"ccp_alpha": 0.16, "min_impurity_decrease": 0.14}, "user_attrs": {"std_err": 0.001673529012805842}}{"number": 7, "value": 0.5390620998057226, "params": {"ccp_alpha": 0.13, "min_impurity_decrease": 0.22}, "user_attrs": {"std_err": 0.001673529012805842}}{"number": 8, "value": 0.5390620998057226, "params": {"ccp_alpha": 0.11, "min_impurity_decrease": 0.26}, "user_attrs": {"std_err": 0.001673529012805842}}{"number": 9, "value": 0.5390620998057226, "params": {"ccp_alpha": 0.08, "min_impurity_decrease": 0.47000000000000003}, "user_attrs": {"std_err": 0.001673529012805842}}{"number": 10, "value": 0.5390620998057226, "params": {"ccp_alpha": 0.01, "min_impurity_decrease": 0.31}, "user_attrs": {"std_err": 0.001673529012805842}}{"number": 11, "value": 0.5390620998057226, "params": {"ccp_alpha": 0.09, "min_impurity_decrease": 0.41000000000000003}, "user_attrs": {"std_err": 0.001673529012805842}}{"number": 12, "value": 0.734316936624171, "params": {"ccp_alpha": 0.03, "min_impurity_decrease": 0.05}, "user_attrs": {"std_err": 0.0013320365373816854}}{"number": 13, "value": 0.5390620998057226, "params": {"ccp_alpha": 0.45, "min_impurity_decrease": 0.37}, "user_attrs": {"std_err": 0.001673529012805842}}{"number": 14, "value": 0.5390620998057226, "params": {"ccp_alpha": 0.46, "min_impurity_decrease": 0.35000000000000003}, "user_attrs": {"std_err": 0.001673529012805842}}{"number": 15, "value": 0.5390620998057226, "params": {"ccp_alpha": 0.5, "min_impurity_decrease": 0.33}, "user_attrs": {"std_err": 0.001673529012805842}}{"number": 16, "value": 0.5390620998057226, "params": {"ccp_alpha": 0.28, "min_impurity_decrease": 0.17}, "user_attrs": {"std_err": 0.001673529012805842}}{"number": 17, "value": 0.5390620998057226, "params": {"ccp_alpha": 0.3, "min_impurity_decrease": 0.22}, "user_attrs": {"std_err": 0.001673529012805842}}{"number": 18, "value": 0.5390620998057226, "params": {"ccp_alpha": 0.26, "min_impurity_decrease": 0.0}, "user_attrs": {"std_err": 0.001673529012805842}}{"number": 19, "value": 0.5390620998057226, "params": {"ccp_alpha": 0.3, "min_impurity_decrease": 0.02}, "user_attrs": {"std_err": 0.001673529012805842}}{"number": 20, "value": 0.7719671107841222, "params": {"ccp_alpha": 0.0, "min_impurity_decrease": 0.02}, "user_attrs": {"std_err": 0.001233228373072663}}{"number": 21, "value": 0.7793588154824173, "params": {"ccp_alpha": 0.01, "min_impurity_decrease": 0.01}, "user_attrs": {"std_err": 0.0003823189800124706}}{"number": 22, "value": 0.5390620998057226, "params": {"ccp_alpha": 0.0, "min_impurity_decrease": 0.08}, "user_attrs": {"std_err": 0.001673529012805842}}{"number": 23, "value": 0.7374175777013952, "params": {"ccp_alpha": 0.0, "min_impurity_decrease": 0.06}, "user_attrs": {"std_err": 0.0011150327687006467}}{"number": 24, "value": 0.7374175777013952, "params": {"ccp_alpha": 0.02, "min_impurity_decrease": 0.07}, "user_attrs": {"std_err": 0.0011150327687006467}}{"number": 25, "value": 0.5390620998057226, "params": {"ccp_alpha": 0.04, "min_impurity_decrease": 0.08}, "user_attrs": {"std_err": 0.001673529012805842}}{"number": 26, "value": 0.5390620998057226, "params": {"ccp_alpha": 0.04, "min_impurity_decrease": 0.1}, "user_attrs": {"std_err": 0.001673529012805842}}{"number": 27, "value": 0.5390620998057226, "params": {"ccp_alpha": 0.05, "min_impurity_decrease": 0.11}, "user_attrs": {"std_err": 0.001673529012805842}}{"number": 28, "value": 0.5390620998057226, "params": {"ccp_alpha": 0.06, "min_impurity_decrease": 0.12}, "user_attrs": {"std_err": 0.001673529012805842}}{"number": 29, "value": 0.5390620998057226, "params": {"ccp_alpha": 0.19, "min_impurity_decrease": 0.14}, "user_attrs": {"std_err": 0.001673529012805842}}{"number": 30, "value": 0.5390620998057226, "params": {"ccp_alpha": 0.17, "min_impurity_decrease": 0.0}, "user_attrs": {"std_err": 0.001673529012805842}}{"number": 31, "value": 0.5390620998057226, "params": {"ccp_alpha": 0.2, "min_impurity_decrease": 0.0}, "user_attrs": {"std_err": 0.001673529012805842}}{"number": 32, "value": 0.5390620998057226, "params": {"ccp_alpha": 0.14, "min_impurity_decrease": 0.0}, "user_attrs": {"std_err": 0.001673529012805842}}{"number": 33, "value": 0.5390620998057226, "params": {"ccp_alpha": 0.14, "min_impurity_decrease": 0.04}, "user_attrs": {"std_err": 0.001673529012805842}}{"number": 34, "value": 0.7332375204527775, "params": {"ccp_alpha": 0.01, "min_impurity_decrease": 0.05}, "user_attrs": {"std_err": 0.0017963120815161972}}{"number": 35, "value": 0.7374175777013952, "params": {"ccp_alpha": 0.0, "min_impurity_decrease": 0.06}, "user_attrs": {"std_err": 0.0011150327687006467}}{"number": 36, "value": 0.6571296485762568, "params": {"ccp_alpha": 0.07, "min_impurity_decrease": 0.0}, "user_attrs": {"std_err": 0.04412578292889366}}{"number": 37, "value": 0.5390620998057226, "params": {"ccp_alpha": 0.08, "min_impurity_decrease": 0.19}, "user_attrs": {"std_err": 0.001673529012805842}}{"number": 38, "value": 0.5390620998057226, "params": {"ccp_alpha": 0.07, "min_impurity_decrease": 0.17}, "user_attrs": {"std_err": 0.001673529012805842}}{"number": 39, "value": 0.5390620998057226, "params": {"ccp_alpha": 0.07, "min_impurity_decrease": 0.19}, "user_attrs": {"std_err": 0.001673529012805842}}{"number": 40, "value": 0.7374175777013952, "params": {"ccp_alpha": 0.06, "min_impurity_decrease": 0.03}, "user_attrs": {"std_err": 0.0011150327687006467}}{"number": 41, "value": 0.5771019669153571, "params": {"ccp_alpha": 0.03, "min_impurity_decrease": 0.08}, "user_attrs": {"std_err": 0.03551252856567069}}{"number": 42, "value": 0.5390620998057226, "params": {"ccp_alpha": 0.02, "min_impurity_decrease": 0.08}, "user_attrs": {"std_err": 0.001673529012805842}}{"number": 43, "value": 0.5390620998057226, "params": {"ccp_alpha": 0.11, "min_impurity_decrease": 0.07}, "user_attrs": {"std_err": 0.001673529012805842}}{"number": 44, "value": 0.7374175777013952, "params": {"ccp_alpha": 0.0, "min_impurity_decrease": 0.06}, "user_attrs": {"std_err": 0.0011150327687006467}}{"number": 45, "value": 0.7298594381665114, "params": {"ccp_alpha": 0.01, "min_impurity_decrease": 0.06}, "user_attrs": {"std_err": 0.006915522205904042}}{"number": 46, "value": 0.7272855571777275, "params": {"ccp_alpha": 0.0, "min_impurity_decrease": 0.05}, "user_attrs": {"std_err": 0.004449589142678501}}{"number": 47, "value": 0.766900838036993, "params": {"ccp_alpha": 0.0, "min_impurity_decrease": 0.03}, "user_attrs": {"std_err": 0.001989882491023412}}{"number": 48, "value": 0.7652673901297866, "params": {"ccp_alpha": 0.0, "min_impurity_decrease": 0.03}, "user_attrs": {"std_err": 0.002202382442746727}}{"number": 49, "value": 0.5390620998057226, "params": {"ccp_alpha": 0.1, "min_impurity_decrease": 0.03}, "user_attrs": {"std_err": 0.001673529012805842}}{"number": 50, "value": 0.7700846582134906, "params": {"ccp_alpha": 0.03, "min_impurity_decrease": 0.02}, "user_attrs": {"std_err": 0.0012676412529941629}}{"number": 51, "value": 0.5390620998057226, "params": {"ccp_alpha": 0.11, "min_impurity_decrease": 0.02},