{"number": 18, "value": 0.7992326750480705, "params": {"rf_max_depth": 32, "min_samples_split": 9, "min_samples_leaf": 1}, "user_attrs": {"std_err": 0.014480549311050516}}