{"number": 77, "value": 0.8430325680726108, "params": {"rf_max_depth": 30, "min_samples_split": 2, "min_samples_leaf": 1}, "user_attrs": {"std_err": 0.0019305999818217659}}