{"number": 0, "value": 0.7841252891973661, "params": {"rf_max_depth": 4, "min_samples_split": 104, "min_samples_leaf": 152}, "user_attrs": {"std_err": 0.0016943413753923266}}{"number": 1, "value": 0.803737319807795, "params": {"rf_max_depth": 7, "min_samples_split": 225, "min_samples_leaf": 140}, "user_attrs": {"std_err": 0.0005835601076894614}}{"number": 2, "value": 0.801601708489055, "params": {"rf_max_depth": 10, "min_samples_split": 199, "min_samples_leaf": 191}, "user_attrs": {"std_err": 0.00041017576909450876}}{"number": 3, "value": 0.7518775582843922, "params": {"rf_max_depth": 2, "min_samples_split": 260, "min_samples_leaf": 183}, "user_attrs": {"std_err": 0.0022547309223510618}}{"number": 4, "value": 0.8093610962804769, "params": {"rf_max_depth": 16, "min_samples_split": 126, "min_samples_leaf": 115}, "user_attrs": {"std_err": 0.00033916723259146353}}{"number": 5, "value": 0.8053746218188289, "params": {"rf_max_depth": 22, "min_samples_split": 78, "min_samples_leaf": 149}, "user_attrs": {"std_err": 0.0007493260646771664}}{"number": 6, "value": 0.8169781099839829, "params": {"rf_max_depth": 11, "min_samples_split": 136, "min_samples_leaf": 68}, "user_attrs": {"std_err": 0.00045748407938948573}}{"number": 7, "value": 0.814557750489411, "params": {"rf_max_depth": 14, "min_samples_split": 15, "min_samples_leaf": 80}, "user_attrs": {"std_err": 0.0004695108011487149}}{"number": 8, "value": 0.7687132941804592, "params": {"rf_max_depth": 3, "min_samples_split": 223, "min_samples_leaf": 4}, "user_attrs": {"std_err": 0.0018090475388738206}}{"number": 9, "value": 0.8103933084178679, "params": {"rf_max_depth": 15, "min_samples_split": 3, "min_samples_leaf": 112}, "user_attrs": {"std_err": 0.0004947371519172613}}{"number": 10, "value": 0.8156255561487811, "params": {"rf_max_depth": 18, "min_samples_split": 39, "min_samples_leaf": 74}, "user_attrs": {"std_err": 0.0007550526227298989}}{"number": 11, "value": 0.8034169781099839, "params": {"rf_max_depth": 11, "min_samples_split": 78, "min_samples_leaf": 165}, "user_attrs": {"std_err": 0.0007904647313751817}}{"number": 12, "value": 0.8172628581598149, "params": {"rf_max_depth": 17, "min_samples_split": 138, "min_samples_leaf": 64}, "user_attrs": {"std_err": 0.000465173425953497}}{"number": 13, "value": 0.8194340630005339, "params": {"rf_max_depth": 32, "min_samples_split": 169, "min_samples_leaf": 44}, "user_attrs": {"std_err": 0.0004405552147148112}}{"number": 14, "value": 0.8170492970279408, "params": {"rf_max_depth": 27, "min_samples_split": 5, "min_samples_leaf": 64}, "user_attrs": {"std_err": 0.0004931983079035856}}{"number": 15, "value": 0.8181171026873109, "params": {"rf_max_depth": 31, "min_samples_split": 173, "min_samples_leaf": 53}, "user_attrs": {"std_err": 0.0006347234205419774}}{"number": 16, "value": 0.8213561131873999, "params": {"rf_max_depth": 30, "min_samples_split": 145, "min_samples_leaf": 35}, "user_attrs": {"std_err": 0.0004193394262330803}}{"number": 17, "value": 0.8211781455775048, "params": {"rf_max_depth": 29, "min_samples_split": 169, "min_samples_leaf": 24}, "user_attrs": {"std_err": 0.0004651734259534926}}{"number": 18, "value": 0.8205374621818828, "params": {"rf_max_depth": 31, "min_samples_split": 174, "min_samples_leaf": 29}, "user_attrs": {"std_err": 0.0004288982475569807}}{"number": 19, "value": 0.8194340630005339, "params": {"rf_max_depth": 27, "min_samples_split": 193, "min_samples_leaf": 28}, "user_attrs": {"std_err": 0.00039826590441572647}}{"number": 20, "value": 0.8205730557038619, "params": {"rf_max_depth": 32, "min_samples_split": 178, "min_samples_leaf": 24}, "user_attrs": {"std_err": 0.0003501939526961739}}{"number": 21, "value": 0.8064068339562199, "params": {"rf_max_depth": 6, "min_samples_split": 298, "min_samples_leaf": 17}, "user_attrs": {"std_err": 0.0007755794952818446}}{"number": 22, "value": 0.812706887346503, "params": {"rf_max_depth": 7, "min_samples_split": 251, "min_samples_leaf": 2}, "user_attrs": {"std_err": 0.00047912635473824477}}{"number": 23, "value": 0.8054814023847658, "params": {"rf_max_depth": 6, "min_samples_split": 300, "min_samples_leaf": 8}, "user_attrs": {"std_err": 0.00045859045120929935}}{"number": 24, "value": 0.8181171026873109, "params": {"rf_max_depth": 22, "min_samples_split": 279, "min_samples_leaf": 1}, "user_attrs": {"std_err": 0.0006446260998852024}}{"number": 25, "value": 0.8272646378359138, "params": {"rf_max_depth": 21, "min_samples_split": 102, "min_samples_leaf": 6}, "user_attrs": {"std_err": 0.0009664149214619149}}{"number": 26, "value": 0.821890016017085, "params": {"rf_max_depth": 22, "min_samples_split": 94, "min_samples_leaf": 40}, "user_attrs": {"std_err": 0.0004193394262330833}}{"number": 27, "value": 0.820323901050009, "params": {"rf_max_depth": 22, "min_samples_split": 152, "min_samples_leaf": 37}, "user_attrs": {"std_err": 0.0002111748990808624}}{"number": 28, "value": 0.8229222281544759, "params": {"rf_max_depth": 21, "min_samples_split": 101, "min_samples_leaf": 35}, "user_attrs": {"std_err": 0.000500845249313766}}{"number": 29, "value": 0.8218188289731267, "params": {"rf_max_depth": 22, "min_samples_split": 109, "min_samples_leaf": 38}, "user_attrs": {"std_err": 0.0006006769349629138}}{"number": 30, "value": 0.812172984516818, "params": {"rf_max_depth": 21, "min_samples_split": 106, "min_samples_leaf": 95}, "user_attrs": {"std_err": 0.0002829629032119755}}{"number": 31, "value": 0.8200035593521979, "params": {"rf_max_depth": 21, "min_samples_split": 107, "min_samples_leaf": 49}, "user_attrs": {"std_err": 0.000350916748001172}}{"number": 32, "value": 0.8129204484783769, "params": {"rf_max_depth": 9, "min_samples_split": 103, "min_samples_leaf": 83}, "user_attrs": {"std_err": 0.00033161244915756353}}{"number": 33, "value": 0.812778074390461, "params": {"rf_max_depth": 9, "min_samples_split": 71, "min_samples_leaf": 85}, "user_attrs": {"std_err": 0.00018149206312841786}}{"number": 34, "value": 0.8219256095390639, "params": {"rf_max_depth": 13, "min_samples_split": 72, "min_samples_leaf": 42}, "user_attrs": {"std_err": 0.00021709130709345831}}{"number": 35, "value": 0.8274070119238299, "params": {"rf_max_depth": 13, "min_samples_split": 70, "min_samples_leaf": 15}, "user_attrs": {"std_err": 0.0005312862262194834}}{"number": 36, "value": 0.8277985406655988, "params": {"rf_max_depth": 18, "min_samples_split": 62, "min_samples_leaf": 18}, "user_attrs": {"std_err": 0.0009935630580455161}}{"number": 37, "value": 0.819327282434597, "params": {"rf_max_depth": 13, "min_samples_split": 52, "min_samples_leaf": 55}, "user_attrs": {"std_err": 0.0005216606787132623}}{"number": 38, "value": 0.8188645666488699, "params": {"rf_max_depth": 14, "min_samples_split": 53, "min_samples_leaf": 55}, "user_attrs": {"std_err": 0.0005636827305877579}}{"number": 39, "value": 0.8283324434952839, "params": {"rf_max_depth": 13, "min_samples_split": 44, "min_samples_leaf": 16}, "user_attrs": {"std_err": 0.0009571944510537363}}{"number": 40, "value": 0.8286527851930948, "params": {"rf_max_depth": 13, "min_samples_split": 50, "min_samples_leaf": 15}, "user_attrs": {"std_err": 0.0005523307276389659}}{"number": 41, "value": 0.8298273714184019, "params": {"rf_max_depth": 18, "min_samples_split": 45, "min_samples_leaf": 14}, "user_attrs": {"std_err": 0.0007853192593997094}}{"number": 42, "value": 0.829222281544759, "params": {"rf_max_depth": 18, "min_samples_split": 36, "min_samples_leaf": 14}, "user_attrs": {"std_err": 0.000801605311137746}}{"number": 43, "value": 0.7848727531589251, "params": {"rf_max_depth": 4, "min_samples_split": 29, "min_samples_leaf": 13}, "user_attrs": {"std_err": 0.001708785641931987}}{"number": 44, "value": 0.8284748175831999, "params": {"rf_max_depth": 11, "min_samples_split": 32, "min_samples_leaf": 16}, "user_attrs": {"std_err": 0.0010905799374136256}}{"number": 45, "value": 0.8296138102865278, "params": {"rf_max_depth": 18, "min_samples_split": 51, "min_samples_leaf": 11},