{"number": 76, "value": 0.8423674219345741, "params": {"ccp_alpha": 0.0, "min_impurity_decrease": 0.0}, "user_attrs": {"std_err": 0.0013350607724305207}}