{"number": 80, "value": 0.8084770048321592, "params": {"learning_rate": 0.1499246051824834, "min_child_weight": 4, "scale_pos_weight": 2}, "user_attrs": {"std_err": 0.016584002300281325}}