{"number": 56, "value": 0.8553835201993237, "params": {"learning_rate": 0.048520569839931825, "min_child_weight": 6, "scale_pos_weight": 1}, "user_attrs": {"std_err": 0.0022048455958909733}}