{"number": 0, "value": 0.8039922653917964, "params": {"learning_rate": 0.2970910042840053, "min_child_weight": 9, "scale_pos_weight": 2}, "user_attrs": {"std_err": 0.015360278019055595}}{"number": 1, "value": 0.8002798911918413, "params": {"learning_rate": 0.49785305040900246, "min_child_weight": 8, "scale_pos_weight": 2}, "user_attrs": {"std_err": 0.016826420247537117}}{"number": 2, "value": 0.799681937313088, "params": {"learning_rate": 0.5132335788994853, "min_child_weight": 7, "scale_pos_weight": 6}, "user_attrs": {"std_err": 0.016433945657830913}}{"number": 3, "value": 0.7972154330405435, "params": {"learning_rate": 0.6194487444762334, "min_child_weight": 5, "scale_pos_weight": 5}, "user_attrs": {"std_err": 0.016837017857818087}}{"number": 4, "value": 0.8013014931109745, "params": {"learning_rate": 0.4949559022624405, "min_child_weight": 4, "scale_pos_weight": 3}, "user_attrs": {"std_err": 0.01576141758434198}}{"number": 5, "value": 0.8005042429980183, "params": {"learning_rate": 0.48905821405128036, "min_child_weight": 3, "scale_pos_weight": 4}, "user_attrs": {"std_err": 0.015723003668558524}}{"number": 6, "value": 0.8010772251026974, "params": {"learning_rate": 0.5039210450327712, "min_child_weight": 7, "scale_pos_weight": 4}, "user_attrs": {"std_err": 0.015789986655474327}}{"number": 7, "value": 0.7877230521628269, "params": {"learning_rate": 0.024286829383132036, "min_child_weight": 9, "scale_pos_weight": 5}, "user_attrs": {"std_err": 0.021515622022334285}}{"number": 8, "value": 0.7987101299680595, "params": {"learning_rate": 0.9964907501658937, "min_child_weight": 1, "scale_pos_weight": 1}, "user_attrs": {"std_err": 0.014293444945531591}}{"number": 9, "value": 0.797987602752519, "params": {"learning_rate": 0.7086576078434088, "min_child_weight": 1, "scale_pos_weight": 9}, "user_attrs": {"std_err": 0.015477886654612456}}{"number": 10, "value": 0.8018994190570948, "params": {"learning_rate": 0.5207147448721241, "min_child_weight": 1, "scale_pos_weight": 5}, "user_attrs": {"std_err": 0.01592673188374286}}{"number": 11, "value": 0.7930043371930646, "params": {"learning_rate": 0.7523376306077263, "min_child_weight": 8, "scale_pos_weight": 1}, "user_attrs": {"std_err": 0.012886029334476135}}{"number": 12, "value": 0.8019495177865388, "params": {"learning_rate": 0.20148043751896189, "min_child_weight": 10, "scale_pos_weight": 8}, "user_attrs": {"std_err": 0.01906669864643017}}{"number": 13, "value": 0.7978633832290857, "params": {"learning_rate": 0.1654953086612132, "min_child_weight": 10, "scale_pos_weight": 10}, "user_attrs": {"std_err": 0.018954077128816787}}{"number": 14, "value": 0.8028711891586127, "params": {"learning_rate": 0.29621948501873596, "min_child_weight": 3, "scale_pos_weight": 9}, "user_attrs": {"std_err": 0.017488155030031954}}{"number": 15, "value": 0.8010773678694892, "params": {"learning_rate": 0.22734220692373652, "min_child_weight": 10, "scale_pos_weight": 7}, "user_attrs": {"std_err": 0.01853207317436187}}{"number": 16, "value": 0.8002801860363029, "params": {"learning_rate": 0.271631009510058, "min_child_weight": 10, "scale_pos_weight": 8}, "user_attrs": {"std_err": 0.018743312828653835}}{"number": 17, "value": 0.8008033177016112, "params": {"learning_rate": 0.27413749547540966, "min_child_weight": 9, "scale_pos_weight": 7}, "user_attrs": {"std_err": 0.01749535979073529}}{"number": 18, "value": 0.8000807687606892, "params": {"learning_rate": 0.30526338730462305, "min_child_weight": 9, "scale_pos_weight": 7}, "user_attrs": {"std_err": 0.01773310656488056}}{"number": 19, "value": 0.8021985558332059, "params": {"learning_rate": 0.32682754604326003, "min_child_weight": 3, "scale_pos_weight": 10}, "user_attrs": {"std_err": 0.017353004952831527}}{"number": 20, "value": 0.8031452579482463, "params": {"learning_rate": 0.3740074892975249, "min_child_weight": 3, "scale_pos_weight": 10}, "user_attrs": {"std_err": 0.017084632864718882}}{"number": 21, "value": 0.785580259176351, "params": {"learning_rate": 0.051059490206518926, "min_child_weight": 3, "scale_pos_weight": 10}, "user_attrs": {"std_err": 0.021184825406916855}}{"number": 22, "value": 0.800902919264324, "params": {"learning_rate": 0.3661159863760728, "min_child_weight": 3, "scale_pos_weight": 10}, "user_attrs": {"std_err": 0.017485450657935712}}{"number": 23, "value": 0.8021487116010867, "params": {"learning_rate": 0.04015901354250068, "min_child_weight": 6, "scale_pos_weight": 3}, "user_attrs": {"std_err": 0.018482313744651147}}{"number": 24, "value": 0.8021486712539498, "params": {"learning_rate": 0.37867690930065195, "min_child_weight": 5, "scale_pos_weight": 9}, "user_attrs": {"std_err": 0.01700780728934686}}{"number": 25, "value": 0.8002301028249885, "params": {"learning_rate": 0.38999552809728294, "min_child_weight": 5, "scale_pos_weight": 9}, "user_attrs": {"std_err": 0.016014853760018023}}{"number": 26, "value": 0.7999810834000768, "params": {"learning_rate": 0.39299773040388175, "min_child_weight": 5, "scale_pos_weight": 9}, "user_attrs": {"std_err": 0.016560732901283577}}{"number": 27, "value": 0.8014760193067877, "params": {"learning_rate": 0.37048995150166913, "min_child_weight": 5, "scale_pos_weight": 9}, "user_attrs": {"std_err": 0.018144687754504982}}{"number": 28, "value": 0.8011272307233639, "params": {"learning_rate": 0.12054638491429248, "min_child_weight": 2, "scale_pos_weight": 8}, "user_attrs": {"std_err": 0.018186434329003066}}{"number": 29, "value": 0.8011023117109304, "params": {"learning_rate": 0.16571029088569797, "min_child_weight": 2, "scale_pos_weight": 8}, "user_attrs": {"std_err": 0.01766478161277499}}{"number": 30, "value": 0.8037184045450987, "params": {"learning_rate": 0.15232283786063694, "min_child_weight": 2, "scale_pos_weight": 8}, "user_attrs": {"std_err": 0.017533773222091657}}{"number": 31, "value": 0.7998066999710557, "params": {"learning_rate": 0.12265933447390531, "min_child_weight": 2, "scale_pos_weight": 8}, "user_attrs": {"std_err": 0.01810006538796191}}{"number": 32, "value": 0.7963681183380282, "params": {"learning_rate": 0.5951284448540666, "min_child_weight": 4, "scale_pos_weight": 2}, "user_attrs": {"std_err": 0.015973473286609776}}{"number": 33, "value": 0.7983613165556283, "params": {"learning_rate": 0.6172347835105805, "min_child_weight": 4, "scale_pos_weight": 2}, "user_attrs": {"std_err": 0.01433945575301646}}{"number": 34, "value": 0.8004793953689804, "params": {"learning_rate": 0.10618142979241894, "min_child_weight": 2, "scale_pos_weight": 6}, "user_attrs": {"std_err": 0.018086560713346078}}{"number": 35, "value": 0.8057862760021003, "params": {"learning_rate": 0.23653485546329495, "min_child_weight": 4, "scale_pos_weight": 6}, "user_attrs": {"std_err": 0.01668246918810799}}{"number": 36, "value": 0.8026468528705653, "params": {"learning_rate": 0.44658570831406263, "min_child_weight": 2, "scale_pos_weight": 6}, "user_attrs": {"std_err": 0.016651585505379585}}{"number": 37, "value": 0.8021985310041986, "params": {"learning_rate": 0.4288995583931296, "min_child_weight": 2, "scale_pos_weight": 6}, "user_attrs": {"std_err": 0.016670232202204018}}{"number": 38, "value": 0.7984612129628026, "params": {"learning_rate": 0.43947730878217695, "min_child_weight": 6, "scale_pos_weight": 6}, "user_attrs": {"std_err": 0.015363866550100323}}{"number": 39, "value": 0.8004794853741319, "params": {"learning_rate": 0.4433222049351156, "min_child_weight": 6, "scale_pos_weight": 6}, "user_attrs": {"std_err": 0.01853579920258149}}{"number": 40, "value": 0.8045405271161001, "params": {"learning_rate": 0.2145811154573644, "min_child_weight": 6, "scale_pos_weight": 4}, "user_attrs": {"std_err": 0.01689256225095234}}{"number": 41, "value": 0.8043162342788157, "params": {"learning_rate": 0.22578186311324044, "min_child_weight": 6, "scale_pos_weight": 4}, "user_attrs": {"std_err": 0.016328595272833583}}{"number": 42, "value": 0.8057364969461253, "params": {"learning_rate": 0.22590058186442633, "min_child_weight": 4, "scale_pos_weight": 4},