,model_number,model_type,precision,precision_std,recall,recall_std,roc_auc,roc_auc_std,accuracy,accuracy_std,f1,f1_std
0,model_1,logistic_reg,0.795384064683756,0.0017704170910689417,0.814835728952772,0.0013378575876190465,0.8652597606868395,0.0008017738710705073,0.7871003460207613,0.0011889587550379982,0.8049825209415241,0.0009472723791230787
1,model_1,binary_tree,0.8374428255189595,0.0025056365051189912,0.8403490759753595,0.0019974411148196898,0.8947443072297888,0.0013950303851842996,0.825910034602076,0.0011123757551492666,0.8388668684255857,0.0008193002565025561
2,model_1,xgboost,0.8503703371633154,0.0019177506719330927,0.8638090349075975,0.0015748964596505482,0.9160007136587625,0.001131948149340583,0.8445951557093426,0.001872311912349992,0.8570356201181879,0.0016891517399370243
3,model_1,rf,0.8501446418911283,0.001868826701912119,0.8483059548254619,0.0016491148258941475,0.9105588342874483,0.0012596417187078842,0.8375640138408305,0.0018322666789897257,0.8492225686720518,0.0016764818414902144
