,model_number,model_type,precision,precision_std,recall,recall_std,roc_auc,roc_auc_std,accuracy,accuracy_std,f1,f1_std
0,model_1,logistic_reg,0.7996191319108857,0.0017821078320490423,0.8175817119788673,0.0019124561610914977,0.867339429350847,0.0011739325019539883,0.7911521648331015,0.0010575329461236167,0.8084826543034073,0.0007019110057924282
1,model_1,binary_tree,0.8333668987844896,0.0013439138455724636,0.8371004026680051,0.0023474250424689075,0.8921685308126033,0.001693220226963389,0.8219089233504618,0.001779561626469079,0.8352214153470783,0.0015154647971609017
2,model_1,xgboost,0.8480497139487898,0.0015403380918801329,0.8597392640338036,0.003103134597415088,0.9132299647877515,0.001259048548690062,0.8412877375300326,0.0014264161061743315,0.8538285439684673,0.0012386801869519776
3,model_1,rf,0.849269472773041,0.001221567744481622,0.8437088851704615,0.002601329072370558,0.9080922600037857,0.0012103921211493354,0.8349758666804614,0.0010559327793057678,0.8464611580055479,0.0009938144165604487
