,model_number,model_type,precision,precision_std,recall,recall_std,roc_auc,roc_auc_std,accuracy,accuracy_std,f1,f1_std
0,model_1,logistic_reg,0.800865627676844,0.0012916214476336705,0.8185195936139333,0.0024012666555504433,0.8718177727356272,0.0007126907446092649,0.7934599813142325,0.0012001959715075706,0.8095834638733246,0.0012507046293174782
1,model_1,binary_tree,0.8328871030207671,0.0011196925527352218,0.8350653120464442,0.00440944074357692,0.8919135237595637,0.000864736802578652,0.8216443475552788,0.0022360548566779047,0.8339488953337473,0.0024326069510266935
2,model_1,xgboost,0.8543671820397192,0.0023334821977647594,0.8614804063860667,0.0023942384058114586,0.9175226226419969,0.0005493125770205648,0.8469012768607911,0.0018971141721711097,0.8578941885898829,0.0017431034636058757
3,model_1,rf,0.8489359886185335,0.0018420332317346264,0.853410740203193,0.0024174935052141545,0.9115509374483522,0.0008807533994531228,0.8398941139831828,0.0018568092039068045,0.8511588660338895,0.00177107375232613
