,model_number,model_type,precision,precision_std,recall,recall_std,roc_auc,roc_auc_std,accuracy,accuracy_std,f1,f1_std
0,model_2,logistic_reg,0.7522150436920583,0.003331328751967262,0.8685356681210707,0.001868254791716847,0.7717307944989827,0.0028683935618752992,0.7280329198710949,0.002700060307100966,0.8061817908951789,0.002268005292966064
1,model_2,binary_tree,0.7695141883444861,0.0044864719763450965,0.8585954030783494,0.0033358369686301735,0.7921045022635147,0.0033211549272544987,0.7403246923940575,0.0032405744075764357,0.8115555034780553,0.0025212596543798577
2,model_2,xgboost,0.8031471576301261,0.004511350470926052,0.8637160240075561,0.002328918168735132,0.8387816403920707,0.003348517719599614,0.7733238378798852,0.003590539930913859,0.8322969430339363,0.002836599446578885
3,model_2,rf,0.7841965224908686,0.004362107479045272,0.8860920542241072,0.0013146968163699113,0.832857410349165,0.0028530931374199015,0.7669565960447107,0.0035181947385573655,0.8320057455837577,0.002658464023017688
