,model_number,model_type,precision,precision_std,recall,recall_std,roc_auc,roc_auc_std,accuracy,accuracy_std,f1,f1_std
0,model_2,logistic_reg,0.7531953821613778,0.0014605580121629074,0.8651933701657459,0.0017611182303271058,0.7713685889492302,0.003427980623726841,0.7275294117647059,0.0020419236014379313,0.8053163473310372,0.0014555228125087462
1,model_2,binary_tree,0.7762108379189132,0.002611924082206822,0.8509987250318742,0.005659033154804119,0.797928450955062,0.0015832210127592972,0.743031141868512,0.001475513023895186,0.8117915024007931,0.0016081511778306145
2,model_2,xgboost,0.8023725582962282,0.0018010480986839817,0.861495962600935,0.0022459391765379828,0.8386781835019429,0.0021020641739243643,0.7715709342560554,0.002421979233059422,0.8308791511716427,0.0018126050874109562
3,model_2,rf,0.7847410162372941,0.0016057808304500848,0.884955376115597,0.0021666957028047304,0.834070819527646,0.0021393227666812705,0.7669480968858131,0.0023005442142477565,0.8318368913205509,0.0016825004710150466
