,model_number,model_type,precision,precision_std,recall,recall_std,roc_auc,roc_auc_std,accuracy,accuracy_std,f1,f1_std
0,model_2,logistic_reg,0.7522428742998754,0.0014752515500457452,0.8627187724766243,0.0031832532085869056,0.7748133145438116,0.0021846009581335105,0.7262846465275616,0.0022975812716153525,0.8036891347749006,0.001820310916228534
1,model_2,binary_tree,0.7735098979491937,0.002090508032947545,0.8463198273795254,0.004095738480760037,0.793172389031711,0.0016544322863566413,0.7391778262223607,0.0013955376208289031,0.8082278972321477,0.0013034005569997765
2,model_2,xgboost,0.7974211456284376,0.0012559772229395316,0.8600815152241669,0.0020841490477391507,0.8349650508295895,0.0020850777665896362,0.7672064777327935,0.0015683186934928916,0.8275590044682108,0.0012317527339113718
3,model_2,rf,0.7789475000428551,0.0017145156209875613,0.8853991848477584,0.0024137545813767876,0.8291699759748751,0.0018534959323414477,0.7623481781376519,0.001435551321421405,0.8287500654897091,0.0010146962534749514
