,model_number,model_type,precision,precision_std,recall,recall_std,roc_auc,roc_auc_std,accuracy,accuracy_std,f1,f1_std
0,model_1a,logistic_reg,0.3958903001995284,0.013525153784247151,0.7278119112631387,0.01965598012514442,0.8105335772892388,0.008835254061904368,0.7496437054631828,0.007377964335702491,0.5112915358957142,0.009593256222161185
1,model_1a,binary_tree,0.37358950703540517,0.020764060468968098,0.701662699896769,0.024636423059735416,0.7804262065371652,0.009560129745767766,0.732541567695962,0.01137367962120317,0.48605471712528053,0.0202109804744461
2,model_1a,xgboost,0.4419080693594967,0.013100390317698968,0.6633212465799629,0.01784041454025406,0.8327441566746293,0.007105847986597475,0.7871733966745843,0.006704904043468826,0.5287355301122061,0.005797210834972605
3,model_1a,rf,0.6732559482559483,0.02479779195182217,0.3301906666507105,0.02413720591615199,0.8242891966293137,0.00954541195181845,0.8494061757719715,0.004918642890468321,0.4385775129097292,0.022248229414618688
