,model_number,model_type,precision,precision_std,recall,recall_std,roc_auc,roc_auc_std,accuracy,accuracy_std,f1,f1_std
0,model_1a,logistic_reg,0.39742790404763206,0.011712353437185023,0.7447368421052631,0.031048170955268677,0.8252402745995424,0.013779102724110582,0.74916864608076,0.00927522269785522,0.5170538510015683,0.01382170607290308
1,model_1a,binary_tree,0.3411007795904327,0.007546214888209826,0.6578947368421053,0.015344610249592905,0.7309725400457666,0.009080972681834337,0.7087885985748218,0.005523778376721572,0.4492235879082867,0.009937973129642058
2,model_1a,xgboost,0.46515073356075104,0.010320266522129248,0.6894736842105262,0.022820508830188213,0.8460183066361557,0.014032440966898959,0.8004750593824228,0.005740164358002176,0.5547484530535378,0.012002679166974969
3,model_1a,rf,0.6145181326387497,0.023023282810082583,0.49736842105263157,0.037104329962135925,0.8429977116704807,0.011366043627231778,0.8532066508313539,0.007903709013999196,0.5476110619303406,0.029739478446569562
