,model_number,model_type,precision,precision_std,recall,recall_std,roc_auc,roc_auc_std,accuracy,accuracy_std,f1,f1_std
0,model_1a,logistic_reg,0.47898371404621054,0.0026630346122614164,0.7692810457516339,0.011390189908903108,0.8237776309025483,0.003526605870344945,0.726923076923077,0.002133008531293429,0.590277528420906,0.004926833907756439
1,model_1a,binary_tree,0.4864255920764495,0.004760054571805276,0.7529411764705882,0.01150215383790559,0.8106546963354629,0.004035319275046305,0.7330267558528428,0.003944149298361603,0.5906653389993395,0.00311804299406536
2,model_1a,xgboost,0.548777878362164,0.0036127051733976963,0.7542483660130719,0.006210870074878214,0.860814606741573,0.0014956407278644516,0.7784280936454849,0.00248596467346463,0.6352726508369538,0.004072182681856186
3,model_1a,rf,0.6568405968576249,0.007058415972058278,0.5758169934640522,0.006957024361168713,0.8579283248880076,0.0021221536666074193,0.8144648829431438,0.0030109623241607263,0.6135903165444091,0.00632532929643377
