,model_number,model_type,precision,precision_std,recall,recall_std,roc_auc,roc_auc_std,accuracy,accuracy_std,f1,f1_std
0,model_2a,logistic_reg,0.38846809342973027,0.010310226156881735,0.7289473684210527,0.028731250660960383,0.8069717772692601,0.016368996866074806,0.7429928741092637,0.009367226636667919,0.505680052835267,0.012516451900444111
1,model_2a,binary_tree,0.32779875851315776,0.008804207244494324,0.718421052631579,0.0212490834086172,0.7677650648360032,0.011920523499609688,0.6812351543942993,0.011988074333938236,0.4490681176190138,0.007321415902651056
2,model_2a,xgboost,0.45793159771705866,0.0100889867958368,0.644736842105263,0.024404259198672906,0.8249580472921435,0.013307897442649793,0.7971496437054633,0.0063948004448318675,0.5339581235989892,0.009833654082881645
3,model_2a,rf,0.5405843043838949,0.01184076188096781,0.5842105263157895,0.03423076324528231,0.827124332570557,0.01055905542100193,0.8356294536817103,0.005134159082605718,0.5598151807793607,0.021372044471055267
