,model_number,model_type,precision,precision_std,recall,recall_std,roc_auc,roc_auc_std,accuracy,accuracy_std,f1,f1_std
0,model_2a,logistic_reg,0.3749065889621125,0.011103113984073331,0.7121461898803692,0.018460390394045498,0.7814260559486061,0.007243370799471843,0.7344418052256532,0.0028818529003521425,0.49071405178368355,0.0120362780125087
1,model_2a,binary_tree,0.35696700743878634,0.016432374661361722,0.6803120438934858,0.025961713854498938,0.7609219232388504,0.009112041363398793,0.715914489311164,0.02388183570430792,0.46598120059207143,0.015114953910052856
2,model_2a,xgboost,0.45797787091904735,0.021286803512123073,0.6468586446860844,0.016783612876028968,0.8110066209580674,0.010258056435839212,0.7976247030878859,0.006765219237593494,0.5349484314854095,0.01659519750187581
3,model_2a,rf,0.4665943373396789,0.02247364466405145,0.6212245497394828,0.02350001108597026,0.8116381549572687,0.00865112821382608,0.8042755344418051,0.006805132381746318,0.5326043326155444,0.02258359996459286
