,model_number,model_type,precision,precision_std,recall,recall_std,roc_auc,roc_auc_std,accuracy,accuracy_std,f1,f1_std
0,model_2a,logistic_reg,0.43789577831038934,0.005526686736279908,0.7343137254901961,0.007700222993476148,0.7766894323272381,0.00534576263673476,0.6907190635451504,0.004985129058315009,0.5485754657300468,0.006041391772537056
1,model_2a,binary_tree,0.45134012478111274,0.0049332525679145495,0.7372549019607842,0.011153322356968125,0.7791723580818094,0.00415867904159754,0.7035117056856188,0.004012332639796986,0.5598588135092781,0.006689960571647902
2,model_2a,xgboost,0.5218889039097615,0.005453453389435025,0.7245098039215686,0.006513031722014709,0.8335121539252406,0.002105440331825361,0.7596153846153847,0.0037856961279838786,0.6066827199101479,0.005476811728830637
3,model_2a,rf,0.5952116046888956,0.006533396747554276,0.5843137254901961,0.005261336417646569,0.8291426158478371,0.003605087134034832,0.7918896321070233,0.003034091887636585,0.5896416811061733,0.005167226965851232
