,model_number,model_type,precision,precision_std,recall,recall_std,roc_auc,roc_auc_std,accuracy,accuracy_std,f1,f1_std
0,model_1b,logistic_reg,0.8763028239208802,0.0008555636898665428,0.7826332509707026,0.0015703565366352922,0.8370678981971954,0.001924839889533843,0.7695857107417514,0.000834366579392822,0.826816433534973,0.0007626274604594941
1,model_1b,binary_tree,0.8918379075964419,0.0018327882201618433,0.8403106247793858,0.006967703332106001,0.8655301487889865,0.0029566781758014996,0.816125031009675,0.004388320221056607,0.865224862883367,0.0037213561320502317
2,model_1b,xgboost,0.8951898452814737,0.001955046753059447,0.891210730674197,0.0023316104106498275,0.8962910887483375,0.0020535689818401925,0.8502108657901266,0.0029162761961510895,0.8931946838040601,0.002104009202549479
3,model_1b,rf,0.8900603410856238,0.0017745710647291764,0.8897282033180373,0.002465022559016749,0.8881190382606144,0.0019491795713254278,0.8452493177871496,0.002050986563376032,0.889881159147236,0.0015052938886600002
