,model_number,model_type,precision,precision_std,recall,recall_std,roc_auc,roc_auc_std,accuracy,accuracy_std,f1,f1_std
0,model_2b,logistic_reg,0.8590123751367029,0.0025064373541877267,0.7357167411481609,0.002485368772453833,0.7801281780251711,0.003020432264245754,0.7221036963532622,0.002078408981082404,0.7925742555643869,0.0015946010504155443
1,model_2b,binary_tree,0.8788002439544911,0.0024061694310487723,0.6899278102440701,0.007487358344482349,0.7983181459714733,0.0016592850759036633,0.7075663607045397,0.005245836984118333,0.7728885287222824,0.004995258810625795
2,model_2b,xgboost,0.8847858121119284,0.0018992311862940266,0.7827432107253351,0.0015887548997306818,0.8453821167205593,0.0015317138117484797,0.7696353262217811,0.0010608898842692385,0.8306274880238942,0.000735251858889762
3,model_2b,rf,0.8537251033137897,0.0011966129488772436,0.853420419388106,0.0018692494155205417,0.8360843384198894,0.0020563320430174465,0.7886876705532126,0.001333909204775499,0.8535641168306134,0.0009924457809343452
