{"number": 156.0, "value": 0.833711560942616, "max_depth": 19.0, "min_samples_leaf": 1.0, "std_err": 0.002164573267120868}