{"number": 468.0, "value": 0.830328082543879, "max_depth": 18.0, "min_samples_split": 8.0, "min_samples_leaf": 1.0, "std_err": 0.0043345322947423055}