{"number": 694, "value": 0.8350164558699923, "params": {"max_depth": 32, "min_samples_leaf": 1}, "user_attrs": {"std_err": 0.0023906976241566}}