{"number": 902.0, "value": 0.8271937211654674, "learning_rate": 0.010023680133351417, "subsample": 0.1342752190449552, "std_err": 0.008056890001578648}