{"number": 801, "value": 0.8921316157302746, "params": {"max_depth": 18, "min_samples_split": 13, "min_weight_fraction_leaf": 0.000983685498112139, "min_impurity_decrease": 0.0001106117103902651}, "user_attrs": {"std_err": 0.000783967819793392}}