{"number": 937, "value": 0.8268268497330282, "params": {"learning_rate": 0.02831445107886437, "subsample": 0.21488723436898255}, "user_attrs": {"std_err": 0.013287547476474386}}