{"number": 828.0, "value": 0.8354483864546308, "learning_rate": 0.046422067881928146, "subsample": 0.8867078173083023, "std_err": 0.002081925537592452}