{"number": 950, "value": 0.9145846266852633, "params": {"learning_rate": 0.10881420728335497, "subsample": 0.9745217424132256, "colsample_bytree": 0.5346784350904477, "lambda": 0.3294163491150705}, "user_attrs": {"std_err": 0.0011413021682203347}}