{"number": 741.0, "value": 0.7921045022635147, "min_weight_fraction_leaf": 0.008013689527467324, "min_impurity_decrease": 6.288556000831074e-06, "std_err": 0.0033211549272544987}