{"number": 30, "value": 0.8002708366283378, "params": {"min_weight_fraction_leaf": 0.0625036418559694, "min_impurity_decrease": 0.001418026949270887}, "user_attrs": {"std_err": 0.009556319520309936}}