{"number": 794, "value": 0.8980693201458838, "params": {"learning_rate": 0.031327772714827534, "max_depth": 10, "min_child_weight": 3, "subsample": 0.8193148988794353, "colsample_bytree": 0.5580850126823881}, "user_attrs": {"std_err": 0.0020132634414854436}}