{"number": 22.0, "value": 0.9135576798171229, "learning_rate": 0.12703431433399587, "subsample": 0.9863375510977505, "colsample_bytree": 0.5560379806203307, "lambda": 1.21038541817559e-08, "std_err": 0.001168772840863014}