{"number": 890, "value": 0.801037777528587, "params": {"min_weight_fraction_leaf": 0.0014900102586938645, "min_impurity_decrease": 0.00029395855587130334}, "user_attrs": {"std_err": 0.0019923977830020004}}