{"number": 214.0, "value": 0.8918952998630527, "max_depth": 18.0, "min_samples_split": 13.0, "min_weight_fraction_leaf": 0.0020656435513323485, "min_impurity_decrease": 6.585762453111032e-05, "std_err": 0.0008723476355371741}