{"number": 757.0, "value": 0.8383877687850007, "learning_rate": 0.03927280008518269, "max_depth": 7.0, "subsample": 0.8203118306730264, "std_err": 0.003232788093235837}