{"number": 669.0, "value": 0.7910883182969409, "min_weight_fraction_leaf": 0.04113131093249002, "min_impurity_decrease": 0.0001755187867722944, "std_err": 0.010713264141626296}