{"number": 245, "value": 0.8687614726744833, "params": {"max_depth": 12, "min_weight_fraction_leaf": 0.0015120614385627142, "min_impurity_decrease": 0.00043779449006702}, "user_attrs": {"std_err": 0.00220472159389827}}