{"number": 426, "value": 0.8613011309392672, "params": {"learning_rate": 0.03830155162718634, "subsample": 0.420824726064022}, "user_attrs": {"std_err": 0.0012109260047372995}}