{"number": 240, "value": 0.8347236909745173, "params": {"learning_rate": 0.04559958617477059, "subsample": 0.382709190313801}, "user_attrs": {"std_err": 0.0020161153035455045}}