{"number": 543.0, "value": 0.8387797912237585, "learning_rate": 0.057466697412391285, "subsample": 0.8696861532043295, "std_err": 0.002027315365122225}