{"number": 980.0, "value": 0.8162776506483599, "learning_rate": 0.010011467203932166, "subsample": 0.16932435023242315, "std_err": 0.014646379156166268}