{"number": 210.0, "value": 0.8177326136447087, "min_impurity_decrease": 0.0005246584194642738, "std_err": 0.0036010932038839606}