{"number": 732, "value": 0.8594211280017625, "params": {"max_depth": 27, "min_samples_leaf": 1, "max_features": "sqrt"}, "user_attrs": {"std_err": 0.0019460853680759835}}