{"number": 789.0, "value": 0.760418901545564, "min_impurity_decrease": 0.002978470292361675, "std_err": 0.008308831556677262}