{"number": 256.0, "value": 0.7646948893974066, "min_impurity_decrease": 0.0023456582323371947, "std_err": 0.010500965229064548}