{"number": 907.0, "value": 0.8335087719298245, "learning_rate": 0.01000112248700237, "subsample": 0.1205233191408544, "std_err": 0.012327330214335044}