{"number": 310, "value": 0.911422834798174, "params": {"max_depth": 24, "min_samples_leaf": 4, "max_features": null}, "user_attrs": {"std_err": 0.0011355933233083671}}