{"number": 857, "value": 0.7855000183594038, "params": {"min_impurity_decrease": 0.0006577169646849552}, "user_attrs": {"std_err": 0.004884296887808001}}