{"number": 684, "value": 0.9191733527435545, "params": {"learning_rate": 0.048783874020116406, "max_depth": 10, "subsample": 0.8558248441934502, "colsample_bytree": 0.5135370836884567}, "user_attrs": {"std_err": 0.0009166942232133466}}