{"number": 603, "value": 0.8193186825291916, "params": {"min_impurity_decrease": 0.0006481418808754787}, "user_attrs": {"std_err": 0.0032519924451263477}}