{"number": 383.0, "value": 0.797928450955062, "min_weight_fraction_leaf": 0.004053750652317273, "min_impurity_decrease": 0.00010223203949767234, "std_err": 0.0015832210127592972}