{"number": 770.0, "value": 0.8359478758221, "max_depth": 19.0, "min_samples_leaf": 2.0, "std_err": 0.0023105928329129155}