{"number": 438, "value": 0.83111064626063, "params": {"max_depth": 21, "min_samples_leaf": 1}, "user_attrs": {"std_err": 0.0019042515799125974}}