{"number": 998, "value": 0.8465846052787189, "params": {"learning_rate": 0.05748936396438514, "subsample": 0.7215088973449091, "gamma": 0.3815239273855692}, "user_attrs": {"std_err": 0.0016679766860757579}}