{"number": 556, "value": 0.9168929875778964, "params": {"learning_rate": 0.12288526826318821, "min_child_weight": 2, "subsample": 0.9995647288038307, "colsample_bytree": 0.6406161200616785}, "user_attrs": {"std_err": 0.000892172592024518}}