{"number": 481, "value": 0.8372646547989913, "params": {"learning_rate": 0.06781911781611015, "subsample": 0.8402244152328592}, "user_attrs": {"std_err": 0.001851201174910117}}