{"number": 114, "value": 0.76633782103362, "params": {"min_impurity_decrease": 0.004079719812294355}, "user_attrs": {"std_err": 0.006185538285006359}}