{"number": 419.0, "value": 0.866816149047094, "max_depth": 13.0, "min_weight_fraction_leaf": 0.0022642112346123377, "min_impurity_decrease": 0.0002550898714680846, "std_err": 0.002326126457613489}