{"number": 317.0, "value": 0.8293928130825682, "max_depth": 16.0, "min_samples_leaf": 1.0, "std_err": 0.0018539858416123233}