{"number": 882.0, "value": 0.8961516635267509, "learning_rate": 0.01341733455418124, "max_depth": 10.0, "min_child_weight": 3.0, "subsample": 0.8130556917711663, "colsample_bytree": 0.5412040253661365, "std_err": 0.0018399328317479041}