{"number": 125.0, "value": 0.8331475361680252, "learning_rate": 0.026225854179128615, "subsample": 0.3160437582167788, "std_err": 0.0026255697596425996}