{"number": 378, "value": 0.7991461239669881, "params": {"min_weight_fraction_leaf": 0.0008596544878182923, "min_impurity_decrease": 0.00012953283566961}, "user_attrs": {"std_err": 0.0017982075578526703}}