{"number": 283.0, "value": 0.7821782514503929, "min_impurity_decrease": 0.0005318290118556395, "std_err": 0.0052302970594117065}