{"number": 937.0, "value": 0.8601281486377322, "learning_rate": 0.027860355160228698, "subsample": 0.5282905364556068, "std_err": 0.0011895918177256587}