{"number": 913, "value": 0.8359084727570121, "params": {"learning_rate": 0.010334597640895865, "subsample": 0.10409450174243509}, "user_attrs": {"std_err": 0.00913222704200835}}