{"number": 890.0, "value": 0.801037777528587, "min_weight_fraction_leaf": 0.0014900102586938645, "min_impurity_decrease": 0.00029395855587130334, "std_err": 0.0019923977830020004}