{"number": 62.0, "value": 0.8331867096787464, "max_depth": 19.0, "min_samples_leaf": 1.0, "std_err": 0.0026179225580621104}