{"number": 176, "value": 0.8899401402620086, "params": {"max_depth": 29, "min_samples_leaf": 6, "max_features": null}, "user_attrs": {"std_err": 0.0021858569076271873}}