{"number": 912.0, "value": 0.8096277312435042, "learning_rate": 0.010024799174437726, "subsample": 0.1906938476226786, "std_err": 0.007194473996783757}