{"number": 317, "value": 0.8378384986295527, "params": {"max_depth": 31, "min_samples_leaf": 2}, "user_attrs": {"std_err": 0.0020739611180717013}}