{"number": 511, "value": 0.8417190987237226, "params": {"learning_rate": 0.049315939072526384, "max_depth": 10, "subsample": 0.7618902543087467}, "user_attrs": {"std_err": 0.0037203341076089873}}