{"number": 322, "value": 0.8167046362910616, "params": {"learning_rate": 0.011668678887308442, "subsample": 0.12220036387604302}, "user_attrs": {"std_err": 0.007347622264704636}}