{"number": 545.0, "value": 0.7931540908694408, "min_samples_leaf": 4.0, "min_weight_fraction_leaf": 0.002040489153966747, "min_impurity_decrease": 0.00011823652616591998, "std_err": 0.0016446028900615212}