{"number": 483, "value": 0.7771548436308162, "params": {"min_impurity_decrease": 0.004248415318361113}, "user_attrs": {"std_err": 0.01771665640554129}}