{"number": 275.0, "value": 0.8450010079971862, "learning_rate": 0.033640344814716366, "subsample": 0.5564682289220994, "gamma": 0.07861229721228333, "std_err": 0.0015804493788651212}