{"number": 801, "value": 0.9094790121817484, "params": {"max_depth": 31, "min_samples_leaf": 4, "max_features": null}, "user_attrs": {"std_err": 0.0014041370927998433}}