{"number": 953, "value": 0.8334905816259089, "params": {"max_depth": 29, "min_samples_split": 2, "min_samples_leaf": 1}, "user_attrs": {"std_err": 0.003298801874453278}}